feature,importance
dup_payload_ratio,0.36593552695072346
bytes_total,0.18935249743215135
packet_count,0.16351970381756253
iat_std,0.11759778114641986
iat_mean,0.10824362137917216
packet_size_std,0.03919784559407697
packet_size_mean,0.01615302367989364
